52.20562,21.172909,16,Żegańska,Wawer,04-713
52.235723,20.989872,67,Żelazna,Wola,00-871
52.155407,21.029269,4B,Eugeniusza Romera,Ursynów,02-784
52.208317,21.01264,33,Rakowiecka,Mokotów,02-519
52.183099,21.008285,35A,Domaniewska,Mokotów,02-672
52.285133,20.927041,3,Lekka,Bielany,01-909
52.143715,21.044521,2B,Dereniowa,Ursynów,02-776
52.244569,20.906466,22J,Generała Tadeusza Pełczyńskiego,Bemowo,01-471
52.27084,20.981248,1/3,Augusta Cieszkowskiego,Żoliborz,01-636
52.235637,20.938834,11,Jana Olbrachta,Wola,01-111
52.189745,20.957277,237,Aleja Krakowska,Włochy,02-180
52.12971,21.0658,14,Kabacki Dukt,Ursynów,02-798
52.143068,21.053429,47,Aleja Komisji Edukacji Narodowej,Ursynów,02-797
52.238903,21.024944,12,Topiel,Śródmieście,00-342
52.253869,21.081144,3,Przeworska,Praga-Południe,04-382
52.23065,20.975952,4,Giełdowa,Wola,01-211
52.260383,21.024406,58,Jagiellońska,Praga-Północ,03-468
52.155318,21.081593,2,Aleja Rzeczypospolitej,Wilanów,02-972
52.232722,20.98696,1,Łucka,Wola,00-842
52.221841,21.019028,33,Mokotowska,Śródmieście,00-560
52.143426,21.025214,43,Wilhelma Konrada Roentgena,Ursynów,02-781
52.237835,21.148661,111,Potockich,Wawer,04-534
52.2021,20.997277,4,Jana Karola Chodkiewicza,Mokotów,02-593
52.227319,21.064916,16,Saska,Praga-Południe,03-968
52.227736,21.012256,87,Marszałkowska,Śródmieście,00-683
52.242541,21.074419,98A,Aleja Jerzego Waszyngtona,Praga-Południe,04-015
52.241266,21.158579,161A,Korkowa,Wawer,04-549
52.184947,21.026004,9,Czerniowiecka,Mokotów,02-705
52.225568,21.011937,41,Hoża,Śródmieście,00-681
52.155887,21.020744,10,Eugeniusza Romera,Ursynów,02-784
52.212093,21.065225,61,Bartycka,Mokotów,00-716
52.237719,20.991823,11,Chłodna,Wola,00-891
52.225579,21.03908,7A,Górnośląska,Śródmieście,00-443
52.209036,20.964186,59,Szczęśliwicka,Ochota,02-353
52.192786,21.05947,15,Gołkowska,Mokotów,02-905
52.228234,21.013282,84/92,Marszałkowska,Śródmieście,00-514
52.221231,21.246709,158,Gościniec,Wesoła,05-077
52.235336,21.081478,10,Motorowa,Praga-Południe,04-035
52.23118,20.989824,96,Pańska,Wola,00-837
52.235268,20.940398,52,Redutowa,Wola,01-131
52.24019,21.085312,7,Majdańska,Praga-Południe,04-088
52.236484,21.100468,11/15,Komorska,Praga-Południe,04-161
52.250238,21.033618,18,Stefana Okrzei,Praga-Północ,03-710
52.198117,21.141493,24,Zwoleńska,Wawer,04-761
52.233184,20.969494,34,Skierniewicka,Wola,01-230
52.203378,21.161867,116,Zwoleńska,Wawer,04-761
52.237629,21.001035,4,Grzybowska,Śródmieście,00-131
52.202247,21.023057,52,Puławska,Mokotów,02-559
52.189699,20.909109,15E,Dzieci Warszawy,Ursus,02-495
52.230572,20.994742,72,Sienna,Wola,00-833
52.224541,21.097549,12G,Generała Tadeusza Bora-Komorowskiego,Praga-Południe,03-982
52.234902,21.012317,1A,Stanisława Moniuszki,Śródmieście,00-014
52.223598,21.017164,28/34,Piękna,Śródmieście,00-547
52.192437,20.964077,14,Lechicka,Włochy,02-156
52.250215,20.998102,21A,Generała Władysława Andersa,Śródmieście,00-159
52.22068,21.013242,18,Jana i Jędrzeja Śniadeckich,Śródmieście,00-656
52.159638,21.028692,103,Aleja Komisji Edukacji Narodowej,Ursynów,02-722
52.207396,21.01722,17,Tadeusza Rejtana,Mokotów,02-516
52.227436,20.953866,31,Marcina Kasprzaka,Wola,01-236
52.237473,21.002981,2,Grzybowska,Śródmieście,00-131
52.16254,21.080058,5,Franciszka Klimczaka,Wilanów,02-797
52.331192,20.940636,9C,Książkowa,Białołęka,03-134
52.206878,21.012969,71/75,Kazimierzowska,Mokotów,02-518
52.246713,21.063857,302,Grochowska,Praga-Południe,03-840
52.194001,20.955436,15,Bakalarska,Włochy,02-484
52.172148,20.998645,1F,Obrzeżna,Mokotów,02-691
52.256835,20.977697,16,Burakowska,Wola,01-066
52.197688,20.952662,6,Rakowska,Włochy,02-237
52.245234,21.002611,68,"Aleja ""Solidarności""",Śródmieście,00-240
52.190141,21.012104,5,Bukietowa,Mokotów,02-650
52.266323,21.031155,10,Stefana Starzyńskiego,Praga-Północ,03-456
52.160241,21.035613,12,Zamiany,Ursynów,02-786
52.211332,20.9618,43,Opaczewska,Ochota,02-201
52.131881,21.070219,6,Wąwozowa,Ursynów,02-796
52.199914,20.979719,12,Mołdawska,Ochota,02-127
52.238646,20.946351,93,Górczewska,Wola,01-401
52.227967,20.991187,2,Miedziana,Wola,00-814
52.243957,21.134566,13,Chełmżyńska,Rembertów,04-247
52.247677,21.049578,47,Jana Zamoyskiego,Praga-Południe,03-801
52.176849,21.06613,1,Nałęczowska,Mokotów,02-922
52.254258,20.985849,19/501,Zygmunta Słomińskiego,Śródmieście,00-175
52.229871,20.967092,5,Płocka,Wola,01-231
52.245818,21.222822,38,1 Praskiego Pułku WP,Wesoła,05-075
52.248458,21.00649,23,Miodowa,Śródmieście,00-246
52.271096,20.9549,5,Zbigniewa Romaszewskiego,Bielany,01-874
52.167493,21.069216,24,Aleja Rzeczypospolitej,Wilanów,02-972
52.228181,21.105546,11,Tadeusza Rechniewskiego,Praga-Południe,03-980
52.145198,21.050593,51,Aleja Komisji Edukacji Narodowej,Ursynów,02-797
52.175515,20.995194,10,Postępu,Mokotów,02-676
52.232663,20.988144,18,Łucka,Wola,00-845
52.225306,21.004222,72,Wspólna,Śródmieście,00-687
52.14717,21.041826,23,Indiry Gandhi,Ursynów,02-776
52.286744,20.926826,25,Tomasza Nocznickiego,Bielany,01-948
52.211576,21.058771,4,"Grupy AK ""Północ""",Mokotów,00-713
52.230654,21.014411,42,Aleje Jerozolimskie,Śródmieście,00-024
52.224631,21.01539,33,Wilcza,Śródmieście,00-544
52.186497,21.019103,24/30,Aleja Niepodległości,Mokotów,02-653
52.232756,21.016947,11,Chmielna,Śródmieście,00-021
52.334605,20.93636,51A,Odkryta,Białołęka,03-140
52.232962,20.995514,2/14,Prosta,Wola,00-850
52.31263,21.062969,6,Magiczna,Białołęka,03-289
52.247281,21.100282,1,Szaserów,Praga-Południe,04-323
52.242857,20.940503,18,Jana Brożka,Wola,01-451
52.173391,21.001967,2,Kolady,Mokotów,02-691
52.14291,21.035116,1,Alternatywy,Ursynów,02-775
52.222904,20.940059,33A,Jana Kazimierza,Wola,01-248
52.22352,20.969338,2,Brylowska,Wola,01-216
52.161684,21.037672,24,Wojciecha Bogumiła Jastrzębowskiego,Ursynów,02-786
52.159831,21.031156,94,Aleja Komisji Edukacji Narodowej,Ursynów,02-777
52.218995,20.966843,142A,Aleje Jerozolimskie,Ochota,02-305
52.149683,21.039663,52/54,Dereniowa,Ursynów,02-776
52.17574,21.063087,64,Nałęczowska,Mokotów,02-922
52.219064,20.966037,142,Aleje Jerozolimskie,Ochota,02-305
52.187004,21.025132,117A,Puławska,Mokotów,02-707
52.290567,21.031676,8,Poborzańska,Targówek,03-368
52.238153,21.101316,29/33,Komorska,Praga-Południe,04-161
52.15335,21.036894,1,Pasaż Ursynowski,Ursynów,02-784
52.343741,21.05338,6,Gioacchino Rossiniego,Białołęka,03-289
52.227397,20.982065,47B,Kolejowa,Wola,01-210
52.183098,21.005148,39,Domaniewska,Mokotów,02-672
52.221536,20.930076,66,Jana Kazimierza,Wola,01-248
52.32476,21.052009,8,Leona Berensona,Białołęka,03-287
52.253536,20.991234,6,Stawki,Śródmieście,00-193
52.183232,20.993118,47,Domaniewska,Mokotów,02-672
52.249464,21.070395,4,Terespolska,Praga-Południe,03-813
52.158432,21.080129,10,Adama Branickiego,Wilanów,02-972
52.237136,21.025746,29,Tamka,Śródmieście,00-355
52.256194,21.034033,78,Targowa,Praga-Północ,03-448
52.144529,21.052868,54,Aleja Komisji Edukacji Narodowej,Ursynów,02-797
52.161867,21.021523,1,Wawrzyńca Surowieckiego,Ursynów,02-785
52.284059,20.927199,9,Sokratesa,Bielany,01-909
52.232806,20.968795,34,Skierniewicka,Wola,01-230
52.276562,20.92282,15A,Josepha Conrada,Bielany,01-922
52.227146,21.001508,81,Aleje Jerozolimskie,Ochota,02-001
52.323881,20.96027,45G/U1,Milenijna,Białołęka,03-130
52.198604,20.974793,21,Karola Bohdanowicza,Ochota,02-127
52.270708,21.055899,1B,Goławicka,Targówek,03-550
52.225204,20.991767,121/123,Aleje Jerozolimskie,Ochota,02-017
52.172388,21.169728,41,Przewodowa,Wawer,04-874
52.188546,20.993784,31,Jana Pawła Woronicza,Mokotów,02-640
52.156794,21.031002,97,Aleja Komisji Edukacji Narodowej,Ursynów,02-777
52.195226,20.892776,1 Maja,Skorosze,Ursus,02-495
52.24733,20.965322,3,Wawrzyszewska,Wola,01-162
52.270552,20.936448,51,Jana Kochanowskiego,Bielany,01-864
52.246359,20.898722,1,Pułkownika Witolda Łokuciewskiego,Bemowo,01-474
52.233595,20.994366,11,Icchoka Lejba Pereca,Wola,00-849
52.135077,21.061741,21,Aleja Komisji Edukacji Narodowej,Ursynów,02-797
52.221628,21.222467,4,Sagalli,Wesoła,05-077
52.275217,20.939066,74,Władysława Broniewskiego,Bielany,01-854
52.241195,21.089721,11,Igańska,Praga-Południe,04-087
52.221818,20.936482,45,Jana Kazimierza,Wola,01-248
52.160534,21.211632,30,Młoda,Wawer,04-975
52.316083,21.059544,19,Skarbka z Gór,Białołęka,03-287
52.233089,20.99135,2/4/6,Łucka,Wola,00-845
52.150224,21.050434,19,Cynamonowa,Ursynów,02-777
52.185318,20.993578,7,Konstruktorska,Mokotów,02-673
52.260179,20.922311,44,Franciszka Kawy,Bemowo,01-496
52.274076,21.063138,8,Zamiejska,Targówek,03-580
52.196715,20.962461,291A,Aleja Krakowska,Włochy,02-133
52.205462,20.917166,1,Popularna,Włochy,02-473
52.166755,21.10844,98,Zaściankowa,Wilanów,02-988
52.186185,20.988753,10C,Konstruktorska,Mokotów,02-673
52.226786,21.140067,395B,Trakt Lubelski,Wawer,04-667
52.18016,20.996467,15C,Postępu,Mokotów,02-676
52.238427,20.967909,11A,Eustachego Tyszkiewicza,Wola,01-146
52.268377,21.045754,6,Witebska,Targówek,03-507
52.248802,21.02969,1A,Stefana Okrzei,Praga-Północ,03-715
52.232178,20.976838,1,Siedmiogrodzka,Wola,01-204
52.26059,21.031652,5,Dąbrowszczaków,Praga-Północ,03-476
52.226459,20.996927,101,Aleje Jerozolimskie,Ochota,02-011
52.190833,20.906785,44,Ryżowa,Ursus,02-495
52.25731,20.993951,5,Zygmunta Słomińskiego,Śródmieście,00-195
52.322032,20.962538,20,Ceramiczna,Białołęka,03-126
52.24419,21.115762,29,Szaserów,Praga-Południe,04-306
52.227623,20.886476,32,Szeligowska,Bemowo,01-320
52.189382,20.905737,48,Ryżowa,Ursus,02-495
52.162511,21.071308,10,Aleja Rzeczypospolitej,Wilanów,02-972
52.182482,21.044533,9B,Aleja generała Władysława Sikorskiego,Mokotów,02-758
52.254622,20.984236,80,Aleja Jana Pawła II,Śródmieście,00-175
52.234871,20.980444,35,Towarowa,Wola,00-869
52.171851,21.031439,1,Wolfganga Amadeusza Mozarta,Mokotów,02-736
52.179245,20.996187,13,Postępu,Mokotów,02-676
52.281292,20.951235,48,Jana Kasprowicza,Bielany,01-871
52.207768,20.964736,27,Karola Dickensa,Ochota,02-382
52.242557,20.899177,32,Generała Tadeusza Pełczyńskiego,Bemowo,01-471
52.334262,20.971345,36A,Krokwi,Białołęka,03-114
52.332833,20.940946,59A,Światowida,Białołęka,03-144
52.16976,21.074377,3,Marconich,Wilanów,02-954
52.312147,21.026683,26,Daniszewska,Białołęka,03-230
52.335065,20.941198,61A,Światowida,Białołęka,03-144
52.21856,21.019071,28,Marszałkowska,Śródmieście,00-576
52.201796,20.973906,29B,Pruszkowska,Ochota,02-119
52.226977,21.093097,18,Generała Romana Abrahama,Praga-Południe,03-982
52.243403,20.921074,12,Szlifierska,Bemowo,01-461
52.140081,21.056733,44,Belgradzka,Ursynów,02-793
52.26263,21.043113,27/29,Strzelecka,Praga-Północ,03-433
52.233867,21.018996,35,Nowy Świat,Śródmieście,00-029
52.22242,20.987349,17,Grójecka,Ochota,02-021
52.14208,21.047395,28,Na Uboczu,Ursynów,02-791
52.231718,21.002843,47,Emilii Plater,Śródmieście,00-118
52.221105,20.930854,57,Jana Kazimierza,Wola,01-267
52.236137,21.020285,23,Mikołaja Kopernika,Śródmieście,00-359
52.170912,20.997914,1B,Obrzeżna,Mokotów,02-691
52.263031,21.028668,11,Józefa Szanajcy,Praga-Północ,03-481
52.225087,20.947216,19,Jana Kazimierza,Wola,01-248
52.248132,21.063492,9,Gocławska,Praga-Południe,03-810
52.231954,21.001896,39,Sienna,Śródmieście,00-121
52.289842,20.929951,119A,Jana Kasprowicza,Bielany,01-949
52.20534,20.883019,22,Herbu Oksza,Ursus,02-495
52.286387,21.081198,20C,Łodygowa,Targówek,03-687
52.200221,21.022967,2,Racławicka,Mokotów,02-601
52.30862,20.981608,2,Kasztanowa,Białołęka,03-197
52.146464,21.043565,10,Dereniowa,Ursynów,02-776
52.318135,20.965449,17,Światowida,Białołęka,03-144
52.181009,20.999597,5,Wołoska,Mokotów,02-675
52.22856,20.972106,11A,Marcina Kasprzaka,Wola,01-211
52.296091,21.037859,12A,Łojewska,Targówek,03-392
52.168909,21.067869,33,Aleja Rzeczypospolitej,Wilanów,02-972
52.16132,21.075576,13,Franciszka Klimczaka,Wilanów,02-797
52.304339,20.990549,1,Jana Kowalczyka,Białołęka,03-193
52.259008,20.92112,32A,Gustawa Morcinka,Bemowo,01-496
52.240188,20.995706,34,Aleja Jana Pawła II,Śródmieście,00-141
52.229015,21.073619,53A,Jana Nowaka-Jeziorańskiego,Praga-Południe,03-982
52.319595,20.99821,62,Marywilska,Białołęka,03-042
52.240782,20.911812,200A,Górczewska,Bemowo,01-460
52.270209,21.044682,61,Księdza Piotra Skargi,Targówek,03-516
52.158967,21.067271,10,Prymasa Augusta Hlonda,Wilanów,02-972
52.249691,20.990113,21,Karmelicka,Śródmieście,00-168
52.239129,20.985937,155,"Aleja ""Solidarności""",Wola,00-877
52.17553,21.001109,7A,Obrzeżna,Mokotów,02-691
52.290106,20.947029,65,Wrzeciono,Bielany,01-950
52.329059,20.943162,10,Antoniego Pajdaka,Białołęka,03-134
52.23002,21.109359,8,Jana Nowaka-Jeziorańskiego,Praga-Południe,03-984
52.292369,21.044509,37,Ludwika Kondratowicza,Targówek,03-285
52.165785,21.070399,18,Aleja Rzeczypospolitej,Wilanów,02-972
52.243939,20.962153,16,Zawiszy,Wola,01-167
52.252678,21.082671,7,Wojciecha Chrzanowskiego,Praga-Południe,04-392
52.227534,21.025091,20,Wiejska,Śródmieście,00-490
52.173462,21.023148,44,Wałbrzyska,Mokotów,02-739
52.233934,20.916647,124,Jana Olbrachta,Bemowo,01-373
52.133708,21.062979,15,Aleja Komisji Edukacji Narodowej,Ursynów,02-797
52.231667,21.088639,8A,Międzyborska,Praga-Południe,04-041
52.236495,21.018246,64,Nowy Świat,Śródmieście,00-357
52.23429,21.002658,32,Świętokrzyska,Śródmieście,00-116
52.176927,20.990989,17,Cybernetyki,Mokotów,02-677
52.246293,21.004217,31,Długa,Śródmieście,00-238
52.241546,20.994602,117,"Aleja ""Solidarności""",Śródmieście,00-140
52.274805,21.117498,198,Chełmżyńska,Rembertów,04-464
52.249527,21.099494,48,Boremlowska,Praga-Południe,04-347
52.133705,21.053265,15A,Stryjeńskich,Ursynów,02-791
52.295676,20.941457,47B,Wrzeciono,Bielany,01-963
52.151411,21.006156,87,Poloneza,Ursynów,02-826
52.32345,20.9498,114,Myśliborska,Białołęka,03-185
52.23203,20.925019,24,Stroma,Wola,01-100
52.22151,21.01016,14,Stanisława Noakowskiego,Śródmieście,00-666
52.251884,21.04546,3,Markowska,Praga-Północ,03-742
52.20076,21.019724,22,Wiktorska,Mokotów,02-587
52.174321,20.997186,7C,Cybernetyki,Mokotów,02-677
52.218054,21.243221,250,Jana Pawła II,Wesoła,05-077
52.321394,20.939654,13,Nowodworska,Białołęka,03-133
52.220888,21.094825,15,Jugosłowiańska,Praga-Południe,03-984
52.14496,21.026508,23,Wilhelma Konrada Roentgena,Ursynów,02-781
52.1994,20.905712,39,Fasolowa,Włochy,02-482
52.145113,21.018376,411,Puławska,Ursynów,02-801
52.18781,21.048443,2,Mangalia,Mokotów,02-934
52.184376,21.011678,7,Mariana Zdziechowskiego,Mokotów,02-659
52.283964,20.902947,40A,Arkuszowa,Bielany,01-934
52.258526,20.96253,13,Powązkowska,Żoliborz,01-747
52.142139,21.04964,11,Braci Wagów,Ursynów,02-791
52.281319,21.024747,7,Budowlana,Targówek,03-315
52.184162,21.041658,1,Srebrnych Świerków,Mokotów,02-757
52.225533,20.951863,12A,Juliana Konstantego Ordona,Wola,01-239
52.221478,20.933384,53,Jana Kazimierza,Wola,01-267
52.218395,21.014979,40,Polna,Śródmieście,00-635
52.177139,20.992631,2,Wynalazek,Mokotów,02-677
52.229549,21.07709,45,Jana Nowaka-Jeziorańskiego,Praga-Południe,03-982
52.24309,21.084596,72,Aleja Stanów Zjednoczonych,Praga-Południe,04-036
52.1664,21.078925,7,Aleja Wilanowska,Wilanów,02-765
52.32039,21.059535,130,Skarbka z Gór,Białołęka,03-287
52.23073,20.934239,51A,Józefa Sowińskiego,Wola,01-105
52.218223,20.89907,5,Szeligowska,Bemowo,01-319
52.207134,20.907145,25,Księdza Juliana Chrościckiego,Włochy,02-404
52.205814,20.893494,3,Obywatelska,Włochy,02-409
52.211957,20.972525,15,Białobrzeska,Ochota,02-370
52.190729,21.017137,30,Adama Naruszewicza,Mokotów,02-627
52.169188,21.019566,1,Puławska,Mokotów,02-740
52.292909,21.031506,4,Ludwika Kondratowicza,Targówek,03-242
52.242887,20.981503,5,Józefa Bellottiego,Wola,01-022
52.330583,20.946162,23,Strumykowa,Białołęka,03-138
52.33519,20.943876,60B,Światowida,Białołęka,03-144
52.241486,21.081153,30B,Grenadierów,Praga-Południe,04-062
52.155873,21.071158,20,Adama Branickiego,Wilanów,02-972
52.277978,20.937997,3,Wólczyńska,Bielany,01-908
52.277471,21.085783,12,Montwiłłowska,Targówek,03-890
52.25054,20.976396,11,Kolska,Wola,01-045
52.26057,20.931913,22,Edmunda Jana Osmańczyka,Bemowo,01-494
52.269541,21.040851,16,Świętego Wincentego,Targówek,03-505
52.180068,21.02718,12,Bukowińska,Mokotów,02-703
52.231043,20.978079,28A,Karolkowa,Wola,01-207
52.154855,21.055974,2,Bajaderki,Ursynów,02-776
52.237463,20.959442,47,Górczewska,Wola,01-401
52.197041,20.976931,5,Mołdawska,Ochota,02-127
52.194276,20.888836,25,Bohaterów Warszawy,Ursus,02-495
52.206989,21.037908,26,Jurija Gagarina,Mokotów,00-754
52.228677,21.016174,18,Żurawia,Śródmieście,00-515
52.25924,20.92434,5,Oławska,Bemowo,01-494
52.212293,21.046683,145,Czerniakowska,Śródmieście,00-453
52.212865,21.060415,24B,Bartycka,Mokotów,00-716
52.231365,21.113981,73D,Ostrobramska,Praga-Południe,04-175
52.343533,20.943166,8,Aluzyjna,Białołęka,03-149
52.232546,21.086316,15,Międzyborska,Praga-Południe,04-041
52.31712,21.066993,107,Głębocka,Białołęka,03-295
52.25261,21.075441,16,Wojciecha Chrzanowskiego,Praga-Południe,04-392
52.230266,20.978419,28,Karolkowa,Wola,01-207
52.235576,20.985974,58,Krochmalna,Wola,00-870
52.166311,20.992834,14,Kłobucka,Ursynów,02-699
52.263656,21.030956,18,Józefa Szanajcy,Praga-Północ,03-481
52.232523,20.959848,82,Wolska,Wola,01-141
52.259828,20.969175,7,Przasnyska,Żoliborz,01-756
52.254311,20.918414,104,Powstańców Śląskich,Bemowo,01-466
52.223069,21.011844,56,Piękna,Śródmieście,00-672
52.198405,21.038969,104,Jana III Sobieskiego,Mokotów,00-764
52.190179,21.024222,142,Puławska,Mokotów,02-624
52.278475,20.988654,7,Gwiaździsta,Żoliborz,01-651
52.154519,21.072954,21,Adama Branickiego,Wilanów,02-972
52.279174,21.050495,2,Rembrandta,Targówek,03-531
52.226249,20.956901,83A,Aleja Prymasa Tysiąclecia,Wola,01-234
52.163743,21.025783,6,Koński Jar,Ursynów,02-785
52.275008,21.055751,11,Trocka,Targówek,03-563
52.175837,21.070344,90,Królowej Marysieńki,Wilanów,02-954
52.155686,21.023921,15,Eugeniusza Romera,Ursynów,02-784
52.306378,21.030337,164A,Białołęcka,Białołęka,03-253
52.247317,21.091258,6,Kobielska,Praga-Południe,04-359
52.230445,20.955463,105/107,Wolska,Wola,01-235
52.263953,21.169135,100,"Aleja Generała Antoniego Chruściela ""Montera""",Rembertów,04-412
52.166598,21.071638,20,Aleja Rzeczypospolitej,Wilanów,02-972
52.215602,21.02046,10/16,Marszałkowska,Śródmieście,00-590
52.141632,21.064851,1,Belgradzka,Ursynów,02-792
52.140794,21.059009,20,Belgradzka,Ursynów,02-793
52.241446,21.107863,94,Grochowska,Praga-Południe,04-301
52.285869,21.026762,7,Nadwiślańska,Targówek,03-349
52.303611,20.929888,19B,Heroldów,Bielany,01-991
52.25012,21.076926,23,Siennicka,Praga-Południe,04-394
52.239148,20.975556,31/33,Żytnia,Wola,01-191
52.240214,20.989099,129/131,"Aleja ""Solidarności""",Śródmieście,00-898
52.241416,20.98228,1,Józefa Bellottiego,Wola,01-022
52.229014,20.912239,66,Człuchowska,Bemowo,01-360
52.145628,21.063439,48,Jana Rosoła,Ursynów,02-786
52.257916,21.160166,8,"Aleja Generała Antoniego Chruściela ""Montera""",Rembertów,04-401
52.260682,20.959322,3B,Jasnodworska,Żoliborz,01-745
52.184017,21.080214,8,Augustówka,Mokotów,02-918
52.159602,20.992473,6A,Kłobucka,Ursynów,02-699
52.206723,21.033375,33,Jurija Gagarina,Mokotów,00-753
52.229363,20.982986,69,Prosta,Wola,00-838
52.252986,21.005036,6,Franciszkańska,Śródmieście,00-214
52.207778,21.045722,26,Podchorążych,Mokotów,00-721
52.235544,21.132319,30,Naddnieprzańska,Wawer,04-205
52.202594,20.952745,64,Włodarzewska,Ochota,02-384
52.258387,20.970395,2,Zygmunta Hübnera,Żoliborz,01-756
52.23337,20.963833,64A,Wolska,Wola,01-134
52.199538,20.951678,21,Instalatorów,Włochy,02-237
52.240612,20.914078,2D,Bolkowska,Bemowo,01-466
52.232624,20.979195,85,Grzybowska,Wola,00-869
52.249405,21.042206,21,Targowa,Praga-Północ,03-728
52.237516,21.103443,18,Łukowska,Praga-Południe,04-133
52.248012,21.058984,12,Mińska,Praga-Południe,03-808
52.281661,20.958907,52,Podleśna,Bielany,01-673
52.20008,20.889802,3,Quo Vadis,Ursus,02-495
52.260147,20.97914,6,Ludwika Rydygiera,Żoliborz,01-793
52.191665,20.986812,80,Jana Pawła Woronicza,Mokotów,02-135
52.248825,20.987064,61/63,Aleja Jana Pawła II,Wola,01-031
52.342109,20.977631,18,Krzysztofa Kiersnowskiego,Białołęka,03-161
52.243007,20.986237,25,Nowolipki,Wola,01-010
52.274418,21.043479,66,Świętego Wincentego,Targówek,03-531
52.200811,21.036837,112,Jana III Sobieskiego,Mokotów,00-764
52.229689,21.078777,3,Generała Stanisława Skalskiego,Praga-Południe,03-982
52.214896,20.968955,54,Szczęśliwicka,Ochota,02-353
52.28638,20.883878,164,Arkuszowa,Bielany,01-934
52.236522,21.062536,68,Walecznych,Praga-Południe,03-926
52.202935,20.947682,87,Włodarzewska,Ochota,02-393
52.226228,21.013388,85,Marszałkowska,Śródmieście,00-683
52.133371,21.069758,3,Ksawerego Bronikowskiego,Ursynów,02-796
52.23059,20.987203,51,Prosta,Wola,00-838
52.239806,20.99476,1A,Ogrodowa,Wola,00-893
52.233831,20.932565,23,Jana Olbrachta,Wola,01-102
52.20163,20.914557,40,Bolesława Chrobrego,Włochy,02-479
52.261542,21.172038,7A,Topograficzna,Rembertów,00-910
52.332112,20.972986,16,Dziatwy,Białołęka,03-109
52.275148,20.961712,1,Stefana Żeromskiego,Bielany,01-887
52.1321,21.058748,32,Wąwozowa,Ursynów,02-796
52.194898,21.062545,16a,Bernardyńska,Mokotów,02-904
52.164242,20.931456,8A,Aleja Krakowska,Włochy,02-284
52.193056,20.973383,27,1 Sierpnia,Włochy,02-134
52.230201,20.941754,25,Redutowa,Wola,01-106
52.223572,20.940804,46,Jana Kazimierza,Wola,01-248
52.247131,20.958003,57,Obozowa,Wola,01-161
52.1732,21.011493,17,Zygmunta Modzelewskiego,Mokotów,02-668
52.278191,21.063323,20,Zygmunta Jórskiego,Targówek,03-584
52.172475,21.227617,9,Zagórzańska,Wawer,04-965
52.244009,21.083947,4,Giuseppe Garibaldiego,Praga-Południe,04-078
52.189177,21.013359,34A,Jana Pawła Woronicza,Mokotów,02-640
52.229741,20.997376,69,Złota,Wola,00-819
52.225374,21.013816,81,Marszałkowska,Śródmieście,00-683
52.279856,20.921162,19,Wojciecha Bogusławskiego,Bielany,01-923
52.255908,20.987046,17,Zygmunta Słomińskiego,Śródmieście,00-195
52.287371,21.084698,8,Wyspowa,Targówek,03-687
52.228878,21.008266,53,Aleje Jerozolimskie,Śródmieście,00-697
52.227898,21.002402,135,Rondo Czterdziestolatka,Śródmieście,02-002
52.173459,21.079207,91,Wiertnicza,Wilanów,02-952
52.198244,21.046927,8,Bobrowiecka,Mokotów,00-728
52.146301,21.056329,16,Franciszka Marii Lanciego,Ursynów,02-792
52.241798,20.908692,5,Generała Tadeusza Pełczyńskiego,Bemowo,01-471
52.230827,20.996788,65,Sienna,Wola,00-820
52.31984,20.953283,2A,Erazma z Zakroczymia,Białołęka,03-185
52.213835,20.974625,1,Rokosowska,Ochota,02-360
52.19189,20.918449,13,Przerwana,Włochy,02-283
52.244126,21.003248,4,Antonia Corazziego,Śródmieście,00-087
52.268932,20.943094,39,Jana Kochanowskiego,Bielany,01-864
52.275007,21.049406,21,Lusińska,Targówek,03-569
52.270764,21.048333,22,Wejherowska,Targówek,03-538
52.22616,20.982658,47,Kolejowa,Wola,01-210
52.247555,20.955921,58,Obozowa,Wola,01-423
52.271004,20.974897,2,Hanki Czaki,Żoliborz,01-588
52.230405,20.993287,41,Żelazna,Wola,00-836
52.322128,21.057563,138,Skarbka z Gór,Białołęka,03-287
52.26265,20.981002,41,Aleja Wojska Polskiego,Żoliborz,01-503
52.226279,21.000089,1,Pasaż Braci Łopieńskich,Ochota,02-001
52.245649,21.10464,11/13,Józefa Chłopickiego,Praga-Południe,04-314
52.231883,20.896341,74,Batalionów Chłopskich,Bemowo,01-308
52.239436,21.147757,5,Begonii,Wawer,04-550
52.22244,20.986086,18/20,Grójecka,Ochota,02-301
52.232218,20.98037,35,Przyokopowa,Wola,00-869
52.161831,20.992537,1,Złoty Potok,Ursynów,02-699
52.242311,20.901212,28,Generała Tadeusza Pełczyńskiego,Bemowo,01-471
52.222117,20.940042,35,Jana Kazimierza,Wola,01-251
52.18481,21.043948,61,Pory,Mokotów,02-757
52.248001,21.012975,3/5,Piwna,Śródmieście,00-265
52.23713,20.997075,26,Aleja Jana Pawła II,Śródmieście,00-133
52.186548,20.957184,20,Pilchowicka,Włochy,02-175
52.205332,21.038778,35,Sielecka,Mokotów,00-738
52.221297,20.982963,17,Juliana Ursyna Niemcewicza,Ochota,02-306
52.150284,21.053035,3,Stefana Szolc-Rogozińskiego,Ursynów,02-777
52.213424,21.020407,2,Tadeusza Boya-Żeleńskiego,Śródmieście,00-621
52.240067,21.001565,2,Ptasia,Śródmieście,00-138
52.23961,20.901131,224,Górczewska,Bemowo,01-460
52.234932,21.00992,10,Stanisława Moniuszki,Śródmieście,00-009
52.23219,20.985764,31,Wronia,Wola,00-846
52.260422,21.029878,8,Plac generała Józefa Hallera,Praga-Północ,03-464
52.253856,20.992802,4A,Stawki,Śródmieście,00-193
52.133539,21.066015,4,Melchiora Wańkowicza,Ursynów,02-796
52.240253,20.941698,15,Księcia Janusza,Wola,01-452
52.196111,20.984264,6,Białej Floty,Mokotów,02-092
52.150797,21.015051,1,Taneczna,Ursynów,02-829
52.226419,21.003488,8,Tytusa Chałubińskiego,Śródmieście,00-613
52.150639,21.188812,12,Wał Miedzeszyński,Wawer,04-987
52.229721,21.074816,48,Jana Nowaka-Jeziorańskiego,Praga-Południe,03-982
52.198513,21.044681,6,Stanisława Kierbedzia,Mokotów,00-728
52.147874,21.047882,57,Aleja Komisji Edukacji Narodowej,Ursynów,02-797
52.192608,20.888598,35,Rakietników,Ursus,02-495
52.154542,21.076278,11,Herbu Janina,Wilanów,02-972
52.178626,20.989836,4,Taśmowa,Mokotów,02-677
52.242903,20.993202,46/48G,Aleja Jana Pawła II,Śródmieście,00-148
52.319965,21.07648,46H,Lewandów,Białołęka,03-299
52.309074,20.993492,11,Krzyżówki,Białołęka,03-193
52.200837,20.962924,26,Lirowa,Ochota,02-387
52.194516,20.901417,36,Dzieci Warszawy,Ursus,02-495
52.226792,21.015684,40,Hoża,Śródmieście,00-516
52.273982,21.056521,33,Mokra,Targówek,03-562
52.281613,20.921318,65,Wólczyńska,Bielany,01-931
52.268276,20.941314,2B,"Pułkownika Mieczysława Niedzielskiego ""Żywiciela""",Bielany,01-875
52.292571,20.939704,13,Przy Agorze,Bielany,01-960
52.158576,21.074999,6,Aleja Rzeczypospolitej,Wilanów,02-972
52.178577,21.030703,2,Jana Pohoskiego,Mokotów,02-703
52.158576,21.074999,6,Aleja Rzeczypospolitej,Wilanów,02-972
52.178577,21.030703,2,Jana Pohoskiego,Mokotów,02-703
52.158576,21.074999,6,Aleja Rzeczypospolitej,Wilanów,02-972
52.178577,21.030703,2,Jana Pohoskiego,Mokotów,02-703
52.222157,20.916691,3A,Powstańców Śląskich,Bemowo,01-349
52.275573,21.119569,198C,Chełmżyńska,Rembertów,04-464
52.197066,21.046765,1B,Bobrowiecka,Mokotów,00-728
52.308333,20.991016,9D,Krzyżówki,Białołęka,03-193
52.227392,20.900744,18,Rozłogi,Bemowo,01-313
52.219585,21.022733,3/5,Aleja Wyzwolenia,Śródmieście,00-572
52.237858,20.985769,48,Ogrodowa,Wola,00-876
52.246426,21.081047,5,Kaleńska,Praga-Południe,04-367
52.319139,21.066552,115,Głębocka,Białołęka,03-287
52.22731,21.150645,21,Jana Skrzyneckiego,Wawer,04-563
52.198449,20.910142,11,Fasolowa,Włochy,02-482
52.267737,20.948294,10,Generała Klemensa Stanisława Rudnickiego,Bielany,01-858
52.1771,21.043516,1,Bergamotki,Mokotów,02-720
52.252872,21.077107,14,Wojciecha Chrzanowskiego,Praga-Południe,04-392
52.259977,20.973233,1,Anny German,Żoliborz,01-793
52.230813,21.085611,8,Kardynała Aleksandra Kakowskiego,Praga-Południe,04-042
52.228427,20.997386,73,Chmielna,Wola,00-801
52.222948,20.938719,50,Jana Kazimierza,Wola,01-248
52.19784,20.959519,5,Instalatorów,Włochy,02-237
52.161328,20.995931,5,Pieskowa Skała,Ursynów,02-699
52.200226,20.891755,10,Tadeusza Hennela,Ursus,02-495
52.246793,21.083936,9,Wiatraczna,Praga-Południe,04-366
52.158335,21.041423,22,"Aleja Jana Rodowicza ""Anody""",Ursynów,02-786
52.257764,20.979986,4,Kłopot,Wola,01-066
52.210811,21.047991,58,Czerniakowska,Mokotów,00-717
52.228725,20.975073,7,Marcina Kasprzaka,Wola,01-211
52.263001,20.971388,18,Anny German,Żoliborz,01-794
52.235847,20.987235,54,Krochmalna,Wola,00-870
52.295563,21.053717,101,Świętego Wincentego,Targówek,03-291
52.228409,21.077176,56B,Generała Tadeusza Bora-Komorowskiego,Praga-Południe,03-982
52.165754,21.07405,6,Sarmacka,Wilanów,02-972
52.193171,21.045781,6,Chrystiana Piotra Aignera,Mokotów,00-710
52.224932,21.089749,7,Jana Nagórskiego,Praga-Południe,03-982
52.25999,21.038032,19,Konopacka,Praga-Północ,03-428
52.313985,21.060088,15U,Skarbka z Gór,Białołęka,03-287
52.245467,20.96665,21,Jana Ostroroga,Wola,01-163
52.250318,21.040265,35,Targowa,Praga-Północ,03-728
52.164329,21.220429,43A,Walcownicza,Wawer,04-921
52.145118,21.056656,13,Franciszka Marii Lanciego,Ursynów,02-792
52.139658,21.054223,1A,Meander,Ursynów,02-791
52.172103,21.00709,6,Orzycka,Mokotów,02-695
52.225075,20.956645,5F,Juliana Konstantego Ordona,Wola,01-237
52.239394,20.936296,11,Tadeusza Krępowieckiego,Wola,01-456
52.238611,20.894682,12F,Generała Meriana Caldwella Coopera,Bemowo,01-315
52.203912,20.87966,11,Posag 7 Panien,Ursus,02-495
52.251288,20.924332,18,Wrocławska,Bemowo,01-493
52.20316,20.927153,56,Popularna,Włochy,02-473
52.292638,21.054133,59,Ludwika Kondratowicza,Targówek,03-285
52.270692,20.97554,4,Hanki Czaki,Żoliborz,01-588
52.239359,21.097067,46,Łukowska,Praga-Południe,04-133
52.159833,21.065139,10E,Prymasa Augusta Hlonda,Wilanów,02-972
52.220793,20.972359,136,Aleje Jerozolimskie,Ochota,02-305
52.229421,20.930608,14,Fort Wola,Wola,01-258
52.228914,20.999,104,Chmielna,Wola,00-801
52.225656,20.952521,7B,Juliana Konstantego Ordona,Wola,01-239
52.25878,20.964907,67B,Zygmunta Krasińskiego,Żoliborz,01-755
52.188079,20.988285,14,Suwak,Mokotów,02-641
52.261687,20.924534,1,Generała Stanisława Rostworowskiego,Bemowo,01-496
52.130943,21.062122,23,Wąwozowa,Ursynów,02-796
52.25626,20.966446,9,Kaliny Jędrusik,Żoliborz,01-748
52.239191,21.027559,32,Dobra,Śródmieście,00-344
52.234419,21.111607,1,Marii Rodziewiczówny,Praga-Południe,04-187
52.255819,20.994961,4,Inflancka,Śródmieście,00-189
52.234905,21.021668,8,Szczygla,Śródmieście,00-370
52.187934,20.890414,19,Kolorowa,Ursus,02-495
52.223314,20.944323,27,Jana Kazimierza,Wola,01-248
52.194097,21.023983,116,Puławska,Mokotów,02-620
52.199639,20.915364,5,Kleszczowa,Włochy,02-485
52.269503,21.059823,1,Remiszewska,Targówek,03-550
52.252253,20.912577,1A,Radiowa,Bemowo,01-485
52.168567,20.994356,23C,Kłobucka,Ursynów,02-699
52.246878,20.964319,12,Świętego Stanisława,Wola,01-162
52.227694,20.993156,132/134,Chmielna,Wola,00-805
52.240212,21.114674,56,Grochowska,Praga-Południe,04-282
52.258122,21.048043,11,Białostocka,Praga-Północ,03-748
52.194581,20.983539,2,Białej Floty,Mokotów,02-092
52.265944,21.041005,30,Szwedzka,Praga-Północ,03-420
52.254711,21.156029,1,Płatnerska,Rembertów,04-473
52.209104,21.059221,76,Bluszczańska,Mokotów,00-712
52.232888,20.965217,17,Płocka,Wola,01-231
52.252922,20.991738,9,Stanisława Dubois,Śródmieście,00-182
52.225046,21.016866,27,Wilcza,Śródmieście,00-544
52.242092,21.102408,129,Grochowska,Praga-Południe,04-148
52.255442,21.160337,11,Franciszka Ilskiego,Rembertów,04-479
52.301346,20.993239,11,Starowiślna,Białołęka,03-193
52.131511,21.066947,1,Melchiora Wańkowicza,Ursynów,02-796
52.226594,21.064032,48,Lotaryńska,Praga-Południe,03-970
52.280651,21.047785,2,Płosa,Targówek,03-531
52.355458,21.037797,96,Mochtyńska,Białołęka,03-289
52.349356,20.943866,33,Aluzyjna,Białołęka,03-149
52.215394,20.980754,53/57,Grójecka,Ochota,02-094
52.227578,20.90411,35,Człuchowska,Bemowo,01-360
52.244684,21.092977,170A,Grochowska,Praga-Południe,04-357
52.195243,20.886146,41,Bohaterów Warszawy,Ursus,02-495
52.35555,21.028722,2A,Kobiałka,Białołęka,03-044
52.190903,20.863769,54/60,Orląt Lwowskich,Ursus,02-495
52.164731,21.066655,28,Oś Królewska,Wilanów,02-972
52.185729,20.992524,1,Racjonalizacji,Mokotów,02-673
52.246339,20.96305,22,Obozowa,Wola,01-161
52.12817,21.06939,9,Jerzego Iwanowa-Szajnowicza,Ursynów,02-796
52.244684,21.092977,170A,Grochowska,Praga-Południe,04-357
52.195243,20.886146,41,Bohaterów Warszawy,Ursus,02-495
52.35555,21.028722,2A,Kobiałka,Białołęka,03-044
52.190903,20.863769,54/60,Orląt Lwowskich,Ursus,02-495
52.164731,21.066655,28,Oś Królewska,Wilanów,02-972
52.185729,20.992524,1,Racjonalizacji,Mokotów,02-673
52.246339,20.96305,22,Obozowa,Wola,01-161
52.12817,21.06939,9,Jerzego Iwanowa-Szajnowicza,Ursynów,02-796
52.245154,20.943344,29A,Erazma Ciołka,Wola,01-445
52.237126,20.97081,2,Szlenkierów,Wola,01-181
52.133419,21.074477,2,Wąwozowa,Ursynów,02-796
52.235936,20.982409,64,Chłodna,Wola,00-872
52.202578,20.994477,3,Jana Karola Chodkiewicza,Mokotów,02-593
52.253417,21.045024,10,Markowska,Praga-Północ,03-742
52.199426,20.88822,4,Herbu Oksza,Ursus,02-495
52.231102,20.980119,33,Przyokopowa,Wola,01-208
52.243035,21.082636,5,Giuseppe Garibaldiego,Praga-Południe,04-078
52.143383,21.049944,20,Braci Wagów,Ursynów,02-791
52.293082,21.025985,20,Bazyliańska,Targówek,03-203
52.260897,21.046576,4,Szwedzka,Praga-Północ,03-419
52.239449,20.980557,15B,Żytnia,Wola,01-014
52.230813,20.974659,4A,Giełdowa,Wola,01-211
52.258273,20.967757,1,Zygmunta Hübnera,Żoliborz,01-756
52.159862,21.078698,20,Sarmacka,Wilanów,02-972
52.234054,20.992438,11,Waliców,Wola,00-851
52.327364,20.945697,14,Strumykowa,Białołęka,03-138
52.276109,21.047434,21,Borzymowska,Targówek,03-565
52.238597,20.988575,31,Ogrodowa,Wola,00-893
52.18453,20.997283,25,Postępu,Mokotów,02-676
52.22441,20.945031,23,Jana Kazimierza,Wola,01-248
52.243664,20.991507,43A,Aleja Jana Pawła II,Wola,01-001
52.289358,21.032786,1,Wyszogrodzka,Targówek,03-337
52.20068,20.964394,4,Harfowa,Ochota,02-389
52.25643,21.05071,12,Radzymińska,Praga-Północ,03-752
52.258602,21.04197,14A,Wileńska,Praga-Północ,03-414
52.167732,21.011543,14A,Aleja Wyścigowa,Mokotów,02-681
52.242205,20.894961,22C,Narwik,Bemowo,01-471
52.233062,21.011758,1,Złota,Śródmieście,00-019
52.233472,21.010891,13,Zgoda,Śródmieście,00-012
52.267735,20.946612,23,Jana Kochanowskiego,Bielany,01-864
52.236875,21.121951,14A,Grochowska,Praga-Południe,04-217
52.239684,21.137691,8,Okularowa,Wawer,04-231
52.284894,21.031063,38,Julianowska,Targówek,03-338
52.337355,20.949815,7B,Dionizosa,Białołęka,03-142
52.244547,20.990002,14,Nowolipki,Wola,01-019
52.237142,21.08287,50,Międzyborska,Praga-Południe,04-041
52.299593,20.980406,11,Ku Rzece,Białołęka,03-196
52.226738,21.039193,178,Czerniakowska,Śródmieście,00-440
52.282105,21.047628,6,Płosa,Targówek,03-531
52.275187,21.044634,23,Motycka,Targówek,03-566
52.332439,20.935122,31,Odkryta,Białołęka,03-140
52.20041,20.879,7,Karola Taylora,Ursus,02-495
52.251596,21.064626,20,Żupnicza,Praga-Południe,03-821
52.212757,20.977382,72,Grójecka,Ochota,02-359
52.171097,21.011062,24,Zygmunta Modzelewskiego,Mokotów,02-679
52.200548,21.024028,87/89,Puławska,Mokotów,02-595
52.235922,20.977933,173,"Aleja ""Solidarności""",Wola,01-195
52.222909,21.233189,60B,Trakt Brzeski,Wesoła,05-077
52.309485,21.024166,2,Szlachecka,Białołęka,03-259
52.178725,21.028161,2,Bukowińska,Mokotów,02-703
52.204096,21.009218,145,Aleja Niepodległości,Mokotów,02-555
52.2613,21.053967,59A,Radzymińska,Praga-Północ,03-751
52.228106,21.078132,56A,Generała Tadeusza Bora-Komorowskiego,Praga-Południe,03-982
52.235297,20.896332,89,Lazurowa,Bemowo,01-479
52.259337,20.931215,12,Edmunda Jana Osmańczyka,Bemowo,01-494
52.249553,21.035514,4,Wrzesińska,Praga-Północ,03-713
52.223919,20.9361,25,Józefa Sowińskiego,Wola,01-105
52.345077,21.053972,1,Arcangela Corellego,Białołęka,03-289
52.287188,21.018929,5,Warszawski Świt,Targówek,03-360
52.186356,21.004743,9,Magazynowa,Mokotów,02-652
52.262628,21.03892,3,Kowieńska,Praga-Północ,03-438
52.168867,21.04069,2,Fort Służew,Ursynów,02-787
52.163333,20.993872,8B,Kłobucka,Ursynów,02-699
52.185747,20.885143,30,Michała Spisaka,Ursus,02-495
52.260656,20.96818,11,Przasnyska,Żoliborz,01-756
52.233854,20.914271,65A,Powstańców Śląskich,Bemowo,01-355
52.265107,20.990566,10,Plac Inwalidów,Żoliborz,01-552
52.290273,20.93501,26,Przy Agorze,Bielany,01-960
52.218157,20.982324,40A,Grójecka,Ochota,02-320
52.183216,21.026423,9,Cieszyńska,Mokotów,02-703
52.326565,20.950474,44,Józefa Mehoffera,Białołęka,03-131
52.286257,20.929845,13,Sokratesa,Bielany,01-909
52.236855,21.001569,5,Grzybowska,Śródmieście,00-132
52.227194,20.995653,16,Żelazna,Wola,00-802
52.320366,21.007227,44,Marywilska,Białołęka,03-042
52.257718,20.974953,15A,Ludwika Rydygiera,Żoliborz,01-793
52.287849,21.021795,10,Piotra Wysockiego,Targówek,03-371
52.174911,20.999809,3,Cybernetyki,Mokotów,02-677
52.187553,21.003472,7,Garażowa,Mokotów,02-651
52.177412,20.996418,12B,Postępu,Mokotów,02-676
52.272224,21.057458,2,Jana Szczepanika,Targówek,03-562
52.203478,21.011625,55,Antoniego Józefa Madalińskiego,Mokotów,02-544
52.302804,20.991436,4,Starowiślna,Białołęka,03-193
52.181734,21.025581,22A,Bukowińska,Mokotów,02-703
52.232123,20.999428,10,Śliska,Śródmieście,00-127
52.175719,20.998307,4,Cybernetyki,Mokotów,02-677
52.227405,21.020259,9,Hoża,Śródmieście,00-528
52.324587,21.055096,12A,Leona Berensona,Białołęka,03-287
52.163853,20.992557,8C,Kłobucka,Ursynów,02-699
52.246463,21.012219,2,Senatorska,Śródmieście,00-075
52.230251,21.016918,46,Krucza,Śródmieście,00-509
52.143659,21.054424,52,Aleja Komisji Edukacji Narodowej,Ursynów,02-797
52.281436,20.957503,57/59,Marymoncka,Bielany,01-802
52.291547,20.937848,17,Przy Agorze,Bielany,01-960
52.15897,21.083627,6,Aleksandra Gieysztora,Wilanów,02-999
52.130968,21.057194,33,Wąwozowa,Ursynów,02-796
52.320704,20.967788,14,Światowida,Białołęka,03-122
52.235101,21.125792,5A,Płowiecka,Praga-Południe,04-501
52.298391,21.055509,5,Głębocka,Targówek,03-287
52.18719,21.021584,43,Wielicka,Mokotów,02-657
52.240247,21.105871,49,Osiecka,Praga-Południe,04-173
52.207597,21.066937,5,Marii Cetysówny,Mokotów,00-711
52.219163,21.013637,48,Polna,Śródmieście,00-644
52.235322,20.898863,2,Aleksandra Świętochowskiego,Bemowo,01-318
52.232114,20.888843,87,Batalionów Chłopskich,Bemowo,01-307
52.250206,21.059356,25C,Mińska,Praga-Południe,03-808
52.250346,20.979587,59A,Okopowa,Wola,01-043
52.197485,20.879016,17,Władysława Jagiełły,Ursus,02-495
52.244762,20.992033,17C,Nowolipki,Śródmieście,00-151
52.252634,21.073919,21,Podskarbińska,Praga-Południe,03-829
52.208464,20.895702,44,Obywatelska,Włochy,02-409
52.223159,21.138314,371,Trakt Lubelski,Wawer,04-667
52.224891,20.940141,3,Goleszowska,Wola,01-249
52.201283,20.908463,27,Solipska,Włochy,02-482
52.236687,21.105433,13,Tarnowiecka,Praga-Południe,04-174
52.22425,20.896294,13,Lazurowa,Bemowo,01-314
52.228731,20.908234,86,Człuchowska,Bemowo,01-360
52.259246,21.15635,135,Strażacka,Rembertów,04-455
52.17164,21.02694,5,Sonaty,Mokotów,02-744
52.234604,21.122643,3,Kokoryczki,Praga-Południe,04-191
52.207097,21.015037,40,Wiśniowa,Mokotów,02-520
52.248397,21.046611,10,Targowa,Praga-Południe,03-731
52.188899,20.879927,27,"Kompanii AK ""Kordian""",Ursus,02-495
52.209231,21.063847,67,Bluszczańska,Mokotów,00-712
52.253184,21.040283,14,Ząbkowska,Praga-Północ,03-735
52.275572,21.083178,1,Montwiłłowska,Targówek,03-890
52.250153,20.985844,65,Aleja Jana Pawła II,Śródmieście,01-038
52.304809,20.992735,9,Jana Kowalczyka,Białołęka,03-193
52.192437,20.987946,4,Przejazd,Mokotów,02-654
52.175695,21.077576,118,Wiertnicza,Wilanów,02-952
52.206511,21.063045,1D,"Batalionu AK ""Karpaty""",Mokotów,00-712
52.195611,20.878889,17,Stanisława Wojciechowskiego,Ursus,02-495
52.157477,21.076559,4,Aleja Rzeczypospolitej,Wilanów,02-972
52.239749,21.029702,2A,Elektryczna,Śródmieście,00-347
52.183802,21.012947,28,Domaniewska,Mokotów,02-672
52.229107,21.100621,11A,Generała Leopolda Okulickiego,Praga-Południe,03-984
52.193231,21.00225,52A,Wołoska,Mokotów,02-583
52.235838,21.135847,31,Korkowa,Wawer,04-502
52.18584,20.895962,11,Skoroszewska,Ursus,02-495
52.270115,21.04321,82,Smoleńska,Targówek,03-528
52.30178,20.978958,20,Myśliborska,Białołęka,03-185
52.342438,20.941243,2,Mikołaja Trąby,Białołęka,03-149
52.232378,21.038981,18,Solec,Śródmieście,00-410
52.229865,20.958866,89,Józefa Bema,Wola,01-233
52.160161,21.09138,28,Zygmunta Vogla,Wilanów,02-963
52.237343,20.984074,53,Wronia,Wola,00-874
52.339872,20.952534,5,Winorośli,Białołęka,03-142
52.241229,20.977163,33,Okopowa,Wola,01-059
52.242975,21.089061,26,Igańska,Praga-Południe,04-083
52.234369,20.991221,43A,Grzybowska,Wola,00-852
52.231148,21.032701,12,Mieczysława Orłowicza,Śródmieście,00-414
52.250283,21.041369,34,Targowa,Praga-Północ,03-733
52.237534,21.031728,4C,Juliana Smulikowskiego,Śródmieście,00-389
52.193681,20.895397,2,Karola Adamieckiego,Ursus,02-495
52.22549,20.94843,11,Jana Kazimierza,Wola,01-248
52.188766,20.989729,33B,Jana Pawła Woronicza,Mokotów,02-640
52.181184,21.022416,186,Puławska,Mokotów,02-670
52.25854,21.051863,33,Radzymińska,Praga-Północ,03-747
52.222645,21.230172,2B,Fabryczna,Wesoła,05-077
52.200471,21.02348,66/70,Puławska,Mokotów,02-592
52.227487,20.884785,59,Szeligowska,Bemowo,01-320
52.230117,21.014294,29,Aleje Jerozolimskie,Śródmieście,00-508
52.200288,21.13442,181A,Trakt Lubelski,Wawer,04-766
52.226501,20.980349,43,Kolejowa,Wola,01-210
52.248505,21.097557,21,Wspólna Droga,Praga-Południe,04-345
52.237225,20.944273,13,Monte Cassino,Wola,01-121
52.260893,20.98378,25,Generała Józefa Zajączka,Żoliborz,01-505
52.20087,20.966908,194,Grójecka,Ochota,02-390
52.24935,21.008785,3,Jana Kilińskiego,Śródmieście,00-257
52.253804,21.074406,30,Podskarbińska,Praga-Południe,03-829
52.270997,20.956086,10,Zbigniewa Romaszewskiego,Bielany,01-874
52.319347,20.958311,98C,Myśliborska,Białołęka,03-185
52.229294,21.016954,41/43,Krucza,Śródmieście,00-525
52.225723,21.101535,6,Władysława Umińskiego,Praga-Południe,03-984
52.23407,21.021569,12/14,Foksal,Śródmieście,00-366
52.199694,20.872535,6,Elżbiety Rakuszanki,Ursus,02-496
52.299569,21.041542,22,Turmoncka,Targówek,03-254
52.25187,21.043065,10,Brzeska,Praga-Północ,03-737
52.186441,21.064617,31,Goraszewska,Mokotów,02-910
52.246119,21.086873,19,Kobielska,Praga-Południe,04-359
